kind,title,htmlTitle,link,displayLink,snippet,htmlSnippet,formattedUrl,htmlFormattedUrl,pagemap.metatags,pagemap.cse_thumbnail,pagemap.cse_image,pagemap.hcard,pagemap.QAPage,pagemap.audioobject,pagemap.listitem,pagemap.BreadcrumbList,pagemap.sitenavigationelement,pagemap.xfn
customsearch#result,"Capital of France - Simple English Wikipedia, the free encyclopedia","<b>Capital of France</b> - Simple English Wikipedia, the free encyclopedia",https://simple.wikipedia.org/wiki/Capital_of_France,simple.wikipedia.org,"This article is about the French national capital in general. For the current capital, see Paris. The capital of France is Paris. In the course of history, ...","This article is about the French national capital in general. For the current capital, see Paris. The <b>capital of France</b> is Paris. In the course of history,&nbsp;...",https://simple.wikipedia.org/wiki/Capital_of_France,https://simple.wikipedia.org/wiki/<b>Capital_of_France</b>,"[{'referrer': 'origin', 'theme-color': '#eaecf0', 'og:type': 'website', 'viewport': 'width=device-width, initial-scale=1.0, user-scalable=yes, minimum-scale=0.25, maximum-scale=5.0', 'og:title': 'Capital of France - Simple English Wikipedia, the free encyclopedia', 'format-detection': 'telephone=no'}]",,,,,,,,,
customsearch#result,"Dijon, Capital of Burgundy - Tourist Office Dijon Métropole","Dijon, <b>Capital</b> of Burgundy - Tourist Office Dijon Métropole",https://en.destinationdijon.com/destination/best-of/dijon-capital-of-burgundy/,en.destinationdijon.com,"Dijon, the capital of the great region of Bourgogne-Franche-Comté in the eastern central part of France, is the ultimate cultural destination.","Dijon, the <b>capital</b> of the great region of Bourgogne-Franche-Comté in the eastern central part of <b>France</b>, is the ultimate cultural destination.",https://en.destinationdijon.com/destination/best.../dijon-capital-of-burgundy...,https://en.destinationdijon.com/destination/best.../dijon-<b>capital</b>-of-burgundy...,"[{'msapplication-tilecolor': '#da532c', 'og:image': 'https://en.destinationdijon.com/wp-content/uploads/sites/2/2019/04/maxence-place-de-la-liberation-jet-eau.jpg', 'theme-color': '#ffffff', 'og:type': 'article', 'og:image:width': '1080', 'twitter:card': 'summary_large_image', 'og:site_name': 'Tourist Office Dijon Métropole', 'og:title': 'Dijon, Capital of Burgundy - Tourist Office Dijon Métropole', 'og:image:height': '1168', 'twitter:label1': 'Est. reading time', 'og:description': 'Come and discover the historical centre of Dijon, classified by Unesco, the Palace of the Dukes of Burgundy and the international gastronomy and wine centre.', 'article:publisher': 'https://www.facebook.com/otdijon', 'twitter:data1': '4 minutes', 'twitter:site': '@VisitDijon', 'article:modified_time': '2022-07-18T12:24:49+00:00', 'viewport': 'width=device-width, initial-scale=1.0, minimum-scale=1.0, maximum-scale=1.0, user-scalable=no', 'og:locale': 'en_US', 'og:url': 'https://en.destinationdijon.com/destination/best-of/dijon-capital-of-burgundy/'}]","[{'src': 'https://encrypted-tbn0.gstatic.com/images?q=tbn:ANd9GcSF6JKjkDreb9NiqfazYAaYPse3vjMk_bHaPUW3Hnz2uMzeEio8tJ2MgMgg&s', 'width': '216', 'height': '233'}]",[{'src': 'https://en.destinationdijon.com/wp-content/uploads/sites/2/2019/04/maxence-place-de-la-liberation-jet-eau.jpg'}],,,,,,,
customsearch#result,Overview of France - Welcome to France,Overview of <b>France</b> - Welcome to <b>France</b>,https://www.welcometofrance.com/en/fiche/overview-of-france,www.welcometofrance.com,"Dec 17, 2019 ... France – Key figures: · Surface area: 633,186 sq. km. · Population 66.6 million · Capital city: Paris · Official language: French · Currency: Euro ( ...","Dec 17, 2019 <b>...</b> <b>France</b> – Key figures: &middot; Surface area: 633,186 sq. km. &middot; Population 66.6 million &middot; <b>Capital</b> city: Paris &middot; Official language: French &middot; Currency: Euro (&nbsp;...",https://www.welcometofrance.com/en/fiche/overview-of-france,https://www.welcometo<b>france</b>.com/en/fiche/overview-of-<b>france</b>,"[{'og:type': 'article', 'twitter:card': 'summary_large_image', 'og:site_name': 'Welcome to France', 'article:modified_time': '2024-12-16T14:39:15+00:00', 'viewport': 'width=device-width, initial-scale=1', 'og:title': 'Overview of France - Welcome to France', 'og:locale': 'en_US', 'og:url': 'https://www.welcometofrance.com/en/fiche/overview-of-france', 'msapplication-tileimage': 'https://www.welcometofrance.com/app/uploads/BF_BIMI.svg', 'og:description': 'Discover the latest information about Overview of France on Welcome to France website numerous sheets dedicated to foreign talents wishing to settle in France'}]","[{'src': 'https://encrypted-tbn0.gstatic.com/images?q=tbn:ANd9GcQSK_OEtKcJu5faWOuhv7AdiEwg5d_e8F4qc0HSexbYb07ZiL9t9mdfoDtn&s', 'width': '252', 'height': '200'}]",[{'src': 'https://www.welcometofrance.com/app/uploads/2019/12/Carte-France-region-2-1.jpeg'}],,,,,,,
customsearch#result,"Paris | Definition, Map, Population, Facts, & History | Britannica","Paris | Definition, Map, Population, Facts, &amp; History | Britannica",https://www.britannica.com/place/Paris,www.britannica.com,"Paris, city and capital of France, located along the Seine River, in the north-central part of the country. Paris is one of the world's most important and ...","Paris, city and <b>capital of France</b>, located along the Seine River, in the north-central part of the country. Paris is one of the world&#39;s most important and&nbsp;...",https://www.britannica.com/place/Paris,https://www.britannica.com/place/Paris,"[{'og:image': 'https://cdn.britannica.com/36/135436-050-ED1D0FCE/skyline-Eiffel-Tower-France-Paris.jpg', 'twitter:card': 'summary_large_image', 'og:type': 'ARTICLE', 'og:site_name': 'Encyclopedia Britannica', 'og:title': 'Paris | Definition, Map, Population, Facts, & History | Britannica', 'og:image:type': 'image/jpeg', 'og:description': 'Paris, city and capital of France, located along the Seine River, in the north-central part of the country.  Paris is one of the world’s most important and attractive cities, famed for its gastronomy, haute couture, painting, literature, and intellectual community. Learn more about Paris in this article.', 'twitter:image': 'https://cdn.britannica.com/36/135436-050-ED1D0FCE/skyline-Eiffel-Tower-France-Paris.jpg', 'last-modified': '2025-06-27', 'fb:app_id': '1887621861548296', 'twitter:site': '@britannica', 'viewport': 'width=device-width, initial-scale=1.0', 'twitter:description': 'Paris, city and capital of France, located along the Seine River, in the north-central part of the country.  Paris is one of the world’s most important and attractive cities, famed for its gastronomy, haute couture, painting, literature, and intellectual community. Learn more about Paris in this article.', 'og:url': 'https://www.britannica.com/place/Paris'}]","[{'src': 'https://encrypted-tbn0.gstatic.com/images?q=tbn:ANd9GcQHSATddaSrnqsYheQbO02hO62AV4ogeeJmRzH9K5cPoxXS1dfjl1-Gcw9p&s', 'width': '274', 'height': '184'}]",[{'src': 'https://cdn.britannica.com/36/135436-050-ED1D0FCE/skyline-Eiffel-Tower-France-Paris.jpg'}],,,,,,,
customsearch#result,80 Years Ago This Town Was The Capital of France For One Day ...,80 Years Ago This Town Was The <b>Capital of France</b> For One Day ...,https://www.deepheartoffrance.com/historic-newspapers-clermont-ferrand-capital-of-france-2/,www.deepheartoffrance.com,"Jun 19, 2020 ... For one remarkable day in 1940, Clermont-Ferrand was the capital of France…and it wasn't even the strangest day of the month for the people ...","Jun 19, 2020 <b>...</b> For one remarkable day in 1940, Clermont-Ferrand was the <b>capital of France</b>…and it wasn&#39;t even the strangest day of the month for the people&nbsp;...",https://www.deepheartoffrance.com/historic-newspapers-clermont-ferrand-c...,https://www.deepheartof<b>france</b>.com/historic-newspapers-clermont-ferrand-<b>c</b>...,"[{'og:image': 'https://www.DeepHeartOfFrance.com/wp-content/uploads/2016/07/ddf8e65dc75ffbd78cd9021b5e31e338.jpg', 'og:type': 'article', 'article:published_time': '2020-06-19T17:57:22+00:00', 'og:image:width': '736', 'twitter:card': 'summary_large_image', 'og:site_name': 'Deep Heart of France', 'author': 'Richard Alexander', 'og:title': '80 Years Ago This Town Was The Capital of France For One Day - Deep Heart of France', 'og:image:height': '445', 'twitter:label1': 'Written by', 'twitter:label2': 'Est. reading time', 'og:image:type': 'image/jpeg', 'og:description': 'For one remarkable day in 1940, Clermont-Ferrand was the capital of France…and it wasn’t even the strangest day of the month for the people who lived there.', 'twitter:creator': '@deepfrance', 'twitter:data1': 'Richard Alexander', 'twitter:data2': '11 minutes', 'twitter:site': '@deepfrance', 'article:modified_time': '2025-03-17T10:57:47+00:00', 'viewport': 'width=device-width, initial-scale=1', 'og:locale': 'en_US', 'og:url': 'https://www.DeepHeartOfFrance.com/historic-newspapers-clermont-ferrand-capital-of-france-2/'}]","[{'src': 'https://encrypted-tbn0.gstatic.com/images?q=tbn:ANd9GcRfs3ghEalnPeWxMWqgUy1HZ03pnd5_-mgU1UDkMJcZLq5wkY4mCq8i0Xw&s', 'width': '289', 'height': '174'}]",[{'src': 'https://www.deepheartoffrance.com/wp-content/uploads/2016/07/ddf8e65dc75ffbd78cd9021b5e31e338.jpg'}],"[{'fn': 'Elizabeth Hunt', 'photo': 'https://secure.gravatar.com/avatar/4dadb910b03ec7eeb5bc84245aa30085206522b039dfcc7f0bc86a56cc0fc3bf?s=60&d=mm&r=g'}, {'fn': 'Richard Alexander', 'photo': 'https://secure.gravatar.com/avatar/5f98461d74171f24c7b2f4ebc3162529b936dae15ef1020d3c68660c8bb26e02?s=60&d=mm&r=g'}, {'url_text': 'Alison Wale', 'fn': 'Alison Wale', 'photo': 'https://secure.gravatar.com/avatar/e6432511633198393d61645675ecafa3578ac6685e3c1f227442654061cd2abf?s=60&d=mm&r=g', 'url': 'http://fatdormouse.wordpress.com/'}, {'fn': 'Richard Alexander', 'photo': 'https://secure.gravatar.com/avatar/5f98461d74171f24c7b2f4ebc3162529b936dae15ef1020d3c68660c8bb26e02?s=60&d=mm&r=g'}, {'url_text': 'fatdormouse', 'fn': 'fatdormouse', 'nickname': 'fatdormouse', 'photo': 'https://secure.gravatar.com/avatar/e6432511633198393d61645675ecafa3578ac6685e3c1f227442654061cd2abf?s=60&d=mm&r=g', 'url': 'http://atemporaryview.wordpress.com/'}, {'fn': 'Michael Fanning', 'photo': 'https://secure.gravatar.com/avatar/145833454e6934c1a3aaa1bda2204fdd66c067ba1867ecef63a3931ffb0407fb?s=60&d=mm&r=g'}, {'url_text': 'wheatypetesworld', 'fn': 'wheatypetesworld', 'nickname': 'wheatypetesworld', 'photo': 'https://secure.gravatar.com/avatar/9ce82b801eb0674a7468a65a2a06d0dccd98805819c1058cb6e3aa8a44259bf5?s=60&d=mm&r=g', 'url': 'http://wheatypetesworld.wordpress.com/'}, {'url_text': 'Kenneth E Fields', 'fn': 'Kenneth E Fields', 'photo': 'https://secure.gravatar.com/avatar/d080a6460da9d7de6a7e175947da36edabef062f79f17d7387aaf026bc87f1d2?s=60&d=mm&r=g', 'url': 'https://kennethefields.wordpress.com/'}, {'fn': 'Richard Alexander', 'photo': 'https://secure.gravatar.com/avatar/5f98461d74171f24c7b2f4ebc3162529b936dae15ef1020d3c68660c8bb26e02?s=60&d=mm&r=g'}, {'fn': 'Joanne Bransdon', 'photo': 'https://secure.gravatar.com/avatar/d84d801ef00e93441f3697e7e8c43e2a4c3f6c68c732e3300b215f2e16e9ed84?s=60&d=mm&r=g'}]",,,,,,
customsearch#result,"Why is Paris the capital of France instead of Lyon, which is larger ...","Why is Paris the <b>capital of France</b> instead of Lyon, which is larger ...",https://www.quora.com/Why-is-Paris-the-capital-of-France-instead-of-Lyon-which-is-larger-and-more-centrally-located,www.quora.com,"Sep 26, 2024 ... Paris became capital of France because France evolved from a federation of counties to a kingdom, where the king was living a Paris. The ...","Sep 26, 2024 <b>...</b> Paris became <b>capital of France</b> because France evolved from a federation of counties to a kingdom, where the king was living a Paris. The&nbsp;...",https://www.quora.com/Why-is-Paris-the-capital-of-France-instead-of-Lyon...,https://www.quora.com/Why-is-Paris-the-<b>capital-of-France</b>-instead-of-Lyon...,"[{'al:android:url': 'intent://www.quora.com/Why-is-Paris-the-capital-of-France-instead-of-Lyon-which-is-larger-and-more-centrally-located#Intent;scheme=qhttp;package=com.quora.android;S.market_referrer=launch_url=https%3A%2F%2Fwww.quora.com%2FWhy-is-Paris-the-capital-of-France-instead-of-Lyon-which-is-larger-and-more-centrally-located&logging_data=uid%3DNone;end', 'theme-color': '#b92b27', 'viewport': 'initial-scale=1, maximum-scale=1, user-scalable=no, width=device-width, minimum-scale=1, viewport-fit=cover', 'al:android:package': 'com.quora.android', 'fb:pages': '255232486973', 'twitter:widgets:theme': 'light'}]",,,,[{}],,,,,
customsearch#result,What is the capital of France?,<b>What is the capital of France</b>?,https://byjus.com/question-answer/what-is-the-capital-of-france-lyonbordeauxparismarseille/,byjus.com,Paris is the capital of France. It is the most popular city in France. It is often dubbed as the 'Fashion capital of the World'.,Paris is the <b>capital of France</b>. It is the most popular city in France. It is often dubbed as the &#39;Fashion capital of the World&#39;.,https://byjus.com/.../what-is-the-capital-of-france-lyonbordeauxparismarseil...,https://byjus.com/.../<b>what-is-the-capital-of-france</b>-lyonbordeauxparismarseil...,"[{'og:image': 'https://cdn1.byjus.com/images/fb-share-button-k10-k12.png', 'next-head-count': '27', 'og:image:width': '50', 'viewport': 'width=device-width, initial-scale=1, maximum-scale=1', 'og:title': 'What is the capital of France?', 'og:image:height': '50', 'og:locale': 'en_IN', 'og:image:type': 'image/png', 'title': 'What is the capital of France?', 'og:url': 'https://byjus.com/question-answer/what-is-the-capital-of-france-lyonbordeauxparismarseille/', 'og:description': 'What is the capital of France?'}]","[{'src': 'https://encrypted-tbn0.gstatic.com/images?q=tbn:ANd9GcSRxIn7vjhTezRJ4UBMD9cx2EG6TH2aHhDNnAe8MwC2S0Ys1-weEsU7MrOs&s', 'width': '311', 'height': '162'}]",[{'src': 'https://cdn1.byjus.com/images/fb-share-button-k10-k12.png'}],,,,,,,
customsearch#result,Discover the Chocolate Capital of France | National Geographic,Discover the Chocolate <b>Capital of France</b> | National Geographic,https://www.nationalgeographic.com/travel/article/bayonne-france-chocolate-capital,www.nationalgeographic.com,"Jul 20, 2016 ... The sweet scent of chocolate floats on the very breeze in Bayonne. This may surprise visitors who find their way to this otherwise modest Basque town in ...","Jul 20, 2016 <b>...</b> The sweet scent of chocolate floats on the very breeze in Bayonne. This may surprise visitors who find their way to this otherwise modest Basque town in&nbsp;...",https://www.nationalgeographic.com/.../bayonne-france-chocolate-capital,https://www.nationalgeographic.com/.../bayonne-<b>france</b>-chocolate-<b>capital</b>,"[{'og:image': 'https://i.natgeofe.com/n/9d63c4c0-03bd-47a5-b311-ffbbff7ca56a/bayonne-france-chocolate-atelier-du-chocolat_16x9.jpg?w=1200', 'twitter:app:id:googleplay': 'com.natgeomobile.ngmagazine', 'og:image:width': '1200', 'theme-color': '#ffffff', 'twitter:card': 'summary_large_image', 'article:published_time': '06-26-2025', 'og:site_name': 'Travel', 'twitter:url': 'https://www.nationalgeographic.com/travel/article/bayonne-france-chocolate-capital', 'twitter:app:name:googleplay': 'National Geographic', 'medium': 'website', 'tax:series': 'Traveler', 'title': 'Discover the Chocolate Capital of France | National Geographic', 'twitter:app:id:iphone': '418671597', 'og:description': 'Cocoa hits all the sweet notes in this Basque town.', 'twitter:creator': '@NatGeoTravel', 'article:publisher': 'https://www.facebook.com/natgeo', 'twitter:image:alt': 'Discover the Chocolate Capital of France', 'twitter:site': '@NatGeoTravel', 'article:modified_time': '05-03-2021', 'tax:audiences': 'General', 'og:type': 'article', 'twitter:title': 'Discover the Chocolate Capital of France', 'article:section': 'Travel', 'tax:locations': 'France', 'og:title': 'Discover the Chocolate Capital of France', 'og:image:height': '675', 'tax:othersubjects': 'Basques, Chocolate', 'twitter:image:src': 'https://i.natgeofe.com/n/9d63c4c0-03bd-47a5-b311-ffbbff7ca56a/bayonne-france-chocolate-atelier-du-chocolat_16x9.jpg?w=1200', 'tax:firstsubject': 'Travel', 'referrer': 'origin', 'viewport': 'width=device-width, initial-scale=1.0, maximum-scale=2.0', 'tax:source': 'Travel', 'twitter:description': 'Cocoa hits all the sweet notes in this Basque town.', 'og:locale': 'en_US', 'guid': 'drn:src:natgeo:unison::prod:5247ce11-896a-4bce-8a9b-7e0474ecb79e', 'og:url': 'https://www.nationalgeographic.com/travel/article/bayonne-france-chocolate-capital', 'twitter:app:name:iphone': 'National Geographic'}]","[{'src': 'https://encrypted-tbn0.gstatic.com/images?q=tbn:ANd9GcRxn2KMeLGEvGrPhpflCj0b0jQ-vR1igkveqogjZfiiVw6_PnGDsuGe13U&s', 'width': '300', 'height': '168'}]",[{'src': 'https://i.natgeofe.com/n/9d63c4c0-03bd-47a5-b311-ffbbff7ca56a/bayonne-france-chocolate-atelier-du-chocolat_16x9.jpg?w=1200'}],,,,,,,
customsearch#result,"Besides Paris, what is the capital of France? - Riddle & Answer ...","Besides Paris, <b>what is the capital of France</b>? - Riddle &amp; Answer ...",https://www.brainzilla.com/brain-teasers/riddles/Zoymb2O5/besides-paris-what-is-the-capital-of-france/,www.brainzilla.com,"Besides Paris, what is the capital of France? - Answer: F.","Besides Paris, <b>what is the capital of France</b>? - Answer: F.",https://www.brainzilla.com/.../besides-paris-what-is-the-capital-of-france/,https://www.brainzilla.com/.../besides-paris-<b>what-is-the-capital-of-france</b>/,"[{'og:image': 'https://www.brainzilla.com/media/riddles/riddles/auto/1608-besides-paris-what-is-the-capital-of-france-square.png', 'viewport': 'width=device-width, initial-scale=1, maximum-scale=1'}]","[{'src': 'https://encrypted-tbn0.gstatic.com/images?q=tbn:ANd9GcRx78FM1nox1pKuYGEWTXf4ZN3jmQLMXSQUkFBpC0xVr7SMJTt3sA4pIWU&s', 'width': '225', 'height': '225'}]",[{'src': 'https://www.brainzilla.com/media/riddles/riddles/auto/1608-besides-paris-what-is-the-capital-of-france-square.png'}],,,,,,,
customsearch#result,What is the capital of France? Overview of Paris,<b>What is the capital of France</b>? Overview of Paris,https://www.iroamly.com/france-travel/what-is-the-capital-of-france.html,www.iroamly.com,"Nov 28, 2024 ... Dive into the charm of Paris, the capital of France! Explore its rich history, iconic attractions, and delectable cuisine in our guide.","Nov 28, 2024 <b>...</b> Dive into the charm of Paris, the <b>capital of France</b>! Explore its rich history, iconic attractions, and delectable cuisine in our guide.",https://www.iroamly.com/france-travel/what-is-the-capital-of-france.html,https://www.iroamly.com/<b>france</b>-travel/<b>what-is-the-capital-of-france</b>.html,"[{'og:image': 'https://www.iroamly.com/images/share/iroamly-opengraph-image.png', 'og:image:width': '1200', 'og:type': 'website', 'twitter:card': 'summary', 'twitter:title': 'What is the capital of France? Overview of Paris/', 'og:site_name': 'iRoamly', 'og:title': 'What is the capital of France? Overview of Paris/', 'og:image:height': '630', 'twitter:image:height': '630', 'og:description': 'Dive into the charm of Paris, the capital of France! Explore its rich history, iconic attractions, and delectable cuisine in our guide. Click to learn more!/', 'twitter:image': 'https://www.iroamly.com/images/share/iroamly-opengraph-image.png', 'twitter:image:width': '1200', 'viewport': 'width=device-width, initial-scale=1.0', 'twitter:description': 'Dive into the charm of Paris, the capital of France! Explore its rich history, iconic attractions, and delectable cuisine in our guide. Click to learn more!/', 'og:url': 'https://www.iroamly.com/france-travel/what-is-the-capital-of-france.html'}]","[{'src': 'https://encrypted-tbn0.gstatic.com/images?q=tbn:ANd9GcRCORX4J8ONIokrdVocrCDharWMYe1-zHauvDE3sUCqi1uHrm88kQ8bCZKx&s', 'width': '310', 'height': '163'}]",[{'src': 'https://www.iroamly.com/images/share/iroamly-opengraph-image.png'}],,,,,,,
customsearch#result,What happened to France's other capitals?,What happened to <b>France&#39;s</b> other capitals?,https://www.thefrenchhistorypodcast.com/what-happened-to-frances-other-capitals/,www.thefrenchhistorypodcast.com,"Apr 1, 2023 ... It's no surprise that the City of Lights is the capital of France. However, in France's long history other cities have taken that role. In the ...","Apr 1, 2023 <b>...</b> It&#39;s no surprise that the City of Lights is the <b>capital of France</b>. However, in France&#39;s long history other cities have taken that role. In the&nbsp;...",https://www.thefrenchhistorypodcast.com/what-happened-to-frances-other-...,https://www.thefrenchhistorypodcast.com/what-happened-to-<b>france</b>s-other-...,"[{'msapplication-tilecolor': '#153CFF', 'og:image': 'https://getpodpage.com/image_transform_gate_v3/pu9v_3yIrpNBg6B9ooFMkkYjpog_Cz_mKi3WWxidTcI=/?image_url=https%3A%2F%2Fmegaphone.imgix.net%2Fpodcasts%2Feba64176-d028-11ed-b62f-b3dafaea0723%2Fimage%2F7e47d8.jpg%3Fixlib%3Drails-4.3.1%26max-w%3D3000%26max-h%3D3000%26fit%3Dcrop%26auto%3Dformat%2Ccompress&tint_color=%23153CFF&text_color=%23ffffff&title=What+happened+to+France%E2%80%99s+other+capitals%3F', 'og:type': 'website', 'twitter:title': 'What happened to France’s other capitals?', 'twitter:card': 'summary_large_image', 'og:site_name': 'The French History Podcast', 'twitter:domain': 'https://www.thefrenchhistorypodcast.com/what-happened-to-frances-other-capitals/', 'og:title': 'What happened to France’s other capitals?', 'msapplication-tileimage': 'https://megaphone.imgix.net/podcasts/e4c0e5f2-675d-11ed-aa46-3b524f5a7ad7/image/NewItunesLogo1.png?ixlib=rails-4.3.1&max-w=3000&max-h=3000&fit=crop&auto=format,compress', 'og:description': ""An episode covering the history of all the capitals of France; it wasn't just Paris!"", 'twitter:image:src': 'https://getpodpage.com/image_transform_gate_v3/pu9v_3yIrpNBg6B9ooFMkkYjpog_Cz_mKi3WWxidTcI=/?image_url=https%3A%2F%2Fmegaphone.imgix.net%2Fpodcasts%2Feba64176-d028-11ed-b62f-b3dafaea0723%2Fimage%2F7e47d8.jpg%3Fixlib%3Drails-4.3.1%26max-w%3D3000%26max-h%3D3000%26fit%3Dcrop%26auto%3Dformat%2Ccompress&tint_color=%23153CFF&text_color=%23ffffff&title=What+happened+to+France%E2%80%99s+other+capitals%3F', 'viewport': 'width=device-width, initial-scale=1.0, maximum-scale=5.0', 'twitter:description': ""An episode covering the history of all the capitals of France; it wasn't just Paris!"", 'og:url': 'https://www.thefrenchhistorypodcast.com/what-happened-to-frances-other-capitals/', 'og:audio': 'https://www.podtrac.com/pts/redirect.mp3/pdst.fm/e/chrt.fm/track/E7177/pscrb.fm/rss/p/swap.fm/track/2IMk17EdnEqyRhJTIpIU/mgln.ai/e/p52658/traffic.megaphone.fm/FPMN5356018094.mp3?updated=1680311433'}]","[{'src': 'https://encrypted-tbn0.gstatic.com/images?q=tbn:ANd9GcRG-XJFmAMDjCv46-4a3bbeZcTYZobos288ys4aYWumM9T0a2Mv7HZ-16k&s', 'width': '310', 'height': '163'}]",[{'src': 'https://getpodpage.com/image_transform_gate_v3/pu9v_3yIrpNBg6B9ooFMkkYjpog_Cz_mKi3WWxidTcI=/?image_url=https%3A%2F%2Fmegaphone.imgix.net%2Fpodcasts%2Feba64176-d028-11ed-b62f-b3dafaea0723%2Fimage%2F7e47d8.jpg%3Fixlib%3Drails-4.3.1%26max-w%3D3000%26max-h%3D3000%26fit%3Dcrop%26auto%3Dformat%2Ccompress&tint_color=%23153CFF&text_color=%23ffffff&title=What+happened+to+France%E2%80%99s+other+capitals%3F'}],,,"[{'transcript': 'Paris has been the most populous and powerful city in France since the medieval period. Other major cities like Marseille, Lyon and Bordeaux have not even come close to Paris’ population,...'}]",,,,
customsearch#result,"The Capital of Christmas in Strasbourg, France - Dreams Abroad","The <b>Capital</b> of Christmas in Strasbourg, <b>France</b> - Dreams Abroad",https://www.dreamsabroad.com/the-capital-of-christmas-in-strasbourg-france/,www.dreamsabroad.com,"Strasbourg hosts the largest Christmas market and tree in the Alsace region. You can feel the Christmas spirit the second you step into the market, even if you ...","Strasbourg hosts the largest Christmas market and tree in the Alsace region. You can feel the Christmas spirit the second you step into the market, even if you&nbsp;...",https://www.dreamsabroad.com/the-capital-of-christmas-in-strasbourg-france/,https://www.dreamsabroad.com/the-<b>capital</b>-of-christmas-in-strasbourg-<b>france</b>/,"[{'p:domain_verify': '94b1fca91b1d1cc0b353e0c77c0561a2', 'msapplication-config': 'https://www.dreamsabroad.com/wp-content/themes/dreams-abroad/images/favicons/browserconfig.xml', 'og:image': 'https://www.dreamsabroad.com/wp-content/uploads/IMG_3419-scaled.jpg', 'theme-color': '#ffffff', 'article:published_time': '2022-12-07T11:00:13+00:00', 'og:image:width': '2048', 'twitter:card': 'summary_large_image', 'og:site_name': 'Dreams Abroad', 'twitter:label1': 'Written by', 'twitter:label2': 'Est. reading time', 'og:image:type': 'image/jpeg', 'et-api-origin': 'https://www.dreamsabroad.com', 'title': 'The Capital of Christmas in Strasbourg, France - Dreams Abroad', 'msapplication-tileimage': 'https://www.dreamsabroad.com/wp-content/themes/dreams-abroad/images/favicons/mstile-144x144.png', 'og:description': 'Looking to spread some holiday cheer? What better way than by visiting the Capital of Christmas in Strasbourg, France!', 'twitter:creator': '@Dreams_Abroad', 'article:publisher': 'https://www.facebook.com/dreamsabroadglobal/', 'twitter:data1': 'Kristen Gammage', 'twitter:data2': '6 minutes', 'twitter:site': '@Dreams_Abroad', 'article:modified_time': '2024-10-18T19:40:28+00:00', 'msapplication-tilecolor': '#ffffff', 'og:type': 'article', 'author': 'Kristen Gammage', 'og:title': 'The Capital of Christmas in Strasbourg, France', 'og:image:height': '1536', 'viewport': 'width=device-width, initial-scale=1.0', 'og:locale': 'en_US', 'et-api-version': 'v1', 'og:url': 'https://www.dreamsabroad.com/the-capital-of-christmas-in-strasbourg-france/', 'format-detection': 'telephone=no'}]","[{'src': 'https://encrypted-tbn0.gstatic.com/images?q=tbn:ANd9GcQ7K19Bo72-qSaoFYBwn1ODK64Ht41MPCR3J-D92QyRmTI7clFoBt8rZ0qq&s', 'width': '259', 'height': '194'}]",[{'src': 'https://www.dreamsabroad.com/wp-content/uploads/IMG_3419-scaled.jpg'}],"[{'fn': 'Beth', 'nickname': 'Beth', 'photo': 'https://secure.gravatar.com/avatar/5530a882cd5000805049970c563a5fa2fa2d4b0c0936563be9c194e4d8a32550?s=32&r=g'}, {'fn': 'Leanne', 'nickname': 'Leanne', 'photo': 'https://secure.gravatar.com/avatar/84c242c7cdd0166dc700eb33a7739f503506904124bb3194b9a75b987f852811?s=32&r=g'}, {'fn': 'briannemanzb', 'nickname': 'briannemanzb', 'photo': 'https://secure.gravatar.com/avatar/221c6c1b9e24fc1e1eb4f0d0930e13664ba1c3fd57a6ca5ab1c5b8c0ec949d0d?s=32&r=g'}, {'fn': 'Stephanie', 'nickname': 'Stephanie', 'photo': 'https://secure.gravatar.com/avatar/789328204b288edf0ffb8a7fd50d7e7926bd09d3e11c055754a5202293329ec3?s=32&r=g'}, {'fn': 'Sonia Seivwright', 'photo': 'https://secure.gravatar.com/avatar/d3058ac827d791eca04dde09335bf662be309880855cb8d8b4268c5a50d15ead?s=32&r=g'}, {'fn': 'Whitney Stewart', 'photo': 'https://secure.gravatar.com/avatar/9d1adb35d0d1c7b682ce064c028fbce985a7ffbcaeac3097fcc44036e33202a1?s=32&r=g'}, {'fn': 'Rosey', 'nickname': 'Rosey', 'photo': 'https://secure.gravatar.com/avatar/fa123c4d9d0e48d5f1a2dfaf31273f0efed9e88f373f7a5693c206ba1f7abebf?s=32&r=g'}, {'fn': 'Samantha Donnelly', 'photo': 'https://secure.gravatar.com/avatar/f2199c96ce99e251f682103463af7ef5f88f89c075e54f8d1c4232782418d244?s=32&r=g'}, {'fn': 'Luna S', 'photo': 'https://secure.gravatar.com/avatar/e046d1b272eb50c6e5ffdf5831ef7a11408422bc780df6d87a6e7393425c769a?s=32&r=g'}, {'fn': 'Home Decor Ideas', 'photo': 'https://secure.gravatar.com/avatar/4e5338237dd465eab829917551552893ed5c7503868b97a82666262f50133d9e?s=32&r=g'}]",,,,,,
customsearch#result,MSA Safety Welcomes Tour de France to its own 'World Capital of ...,MSA Safety Welcomes Tour de <b>France</b> to its own &#39;World <b>Capital</b> of ...,https://news.msasafety.com/2023-07-12-MSA-Safety-Welcomes-Tour-de-France-to-its-own-World-Capital-of-Fire-Helmets,news.msasafety.com,"Jul 12, 2023 ... Home to the iconic MSA Gallet fire helmet, Chatillon-sur-Chalaronne is serving as a stage town for the first time in the Tour de France's 120- ...","Jul 12, 2023 <b>...</b> Home to the iconic MSA Gallet fire helmet, Chatillon-sur-Chalaronne is serving as a stage town for the first time in the Tour de <b>France&#39;s</b> 120-&nbsp;...",https://news.msasafety.com/2023-07-12-MSA-Safety-Welcomes-Tour-de-F...,https://news.msasafety.com/2023-07-12-MSA-Safety-Welcomes-Tour-de-<b>F</b>...,"[{'apple-itunes-app': 'app-id=1276643219', 'twitter:card': 'summary', 'twitter:title': 'MSA Safety Welcomes Tour de France to its own ‘World Capital of Fire Helmets’', 'og:site_name': 'MSA Press Room', 'viewport': 'width=device-width, initial-scale=1.0', 'twitter:description': 'CHATILLON-sur-CHALARONNE, France, July 12, 2023 – Helmets are an important safety product used by people around the globe, ranging from the cyclists in the Tour de France to firefighters helping...', 'og:title': 'MSA Safety Welcomes Tour de France to its own ‘World Capital of Fire Helmets’', 'og:url': 'https://news.msasafety.com/2023-07-12-MSA-Safety-Welcomes-Tour-de-France-to-its-own-World-Capital-of-Fire-Helmets', 'og:description': 'CHATILLON-sur-CHALARONNE, France, July 12, 2023 – Helmets are an important safety product used by people around the globe, ranging from the cyclists in the Tour de France to firefighters helping...'}]","[{'src': 'https://encrypted-tbn0.gstatic.com/images?q=tbn:ANd9GcSHw4uYHldhnkW5QJHbdIwrGFmv1sQ0YjP8mlTB3iu_fmcjDGg5DuV6dlI&s', 'width': '259', 'height': '194'}]",[{'src': 'https://news.msasafety.com/file.php/177711/MSA+Tour+de+France+helmet+-+up+close.jpg?thumbnail=asset'}],,,,,,,
customsearch#result,Discover the city of Paris | Paris the capital city of France,Discover the city of Paris | Paris the <b>capital</b> city of <b>France</b>,https://www.cia-france.com/french-kids-teenage-courses/paris-school/visit-paris,www.cia-france.com,"Paris is the city of romance par excellence, the fashion capital and the best example of French art de vivre. Exploring Paris is an essential rite of passage ...","Paris is the city of romance par excellence, the fashion <b>capital</b> and the best example of French art de vivre. Exploring Paris is an essential rite of passage&nbsp;...",https://www.cia-france.com/french-kids-teenage-courses/paris.../visit-paris,https://www.cia-<b>france</b>.com/french-kids-teenage-courses/paris.../visit-paris,"[{'cancel-label': 'Undo', 'msapplication-tilecolor': '#da532c', 'og:image': 'https://www.cia-france.com/media/121/presentation-paris_1920x1080.jpg', 'theme-color': '#ffffff', 'og:type': 'website', 'og:language': 'en', 'viewport': 'width=device-width, initial-scale=1', 'csrf-token': 'H6wXSu5kwXLy3RsFc8aDHXbHbC1d3SaI4Asq0GyN', 'og:title': 'Discover the city of Paris | Paris the capital city of France', 'choose-label': 'Select', 'included-label': 'Included', 'og:description': 'Discover Paris and learn French, the pleasure of making progress. Paris is the city to visit while improving your French.'}]","[{'src': 'https://encrypted-tbn0.gstatic.com/images?q=tbn:ANd9GcS-aM3eY1oiTXaw2FSc9tXwbT-Q1A-iHEkOT98bQWRSf5BJEJkBDz-pJePs&s', 'width': '300', 'height': '168'}]",[{'src': 'https://www.cia-france.com/media/121/presentation-paris_1920x1080.jpg'}],,,,,,,
customsearch#result,"13 Reasons They Call Lyon ""Food Capital Of The World""",13 Reasons They Call Lyon &quot;Food <b>Capital</b> Of The World&quot;,https://www.offbeatfrance.com/lyon-food-capital.html,www.offbeatfrance.com,It took a few centuries for Lyon to claim the title of food capital of the world - plus the work of a few culinary giants. Here's how France's foodie city ...,It took a few centuries for Lyon to claim the title of food <b>capital</b> of the world - plus the work of a few culinary giants. Here&#39;s how <b>France&#39;s</b> foodie city&nbsp;...,https://www.offbeatfrance.com/lyon-food-capital.html,https://www.offbeat<b>france</b>.com/lyon-food-<b>capital</b>.html,"[{'og:image': 'https://www.offbeatfrance.com/images/guide-michelin-2023.png', 'og:type': 'article', 'viewport': 'width=device-width, initial-scale=1', 'og:title': '13 Reasons They Call Lyon ""Food Capital Of The World""', 'og:url': 'https://www.offbeatfrance.com/lyon-food-capital.html', 'og:description': 'Lyon, food capital of the world, according to chefs and gastronomes. Just how right are they?'}]","[{'src': 'https://encrypted-tbn0.gstatic.com/images?q=tbn:ANd9GcQ-Bd5SPybH0W4aNlVTVYL4T__-eKz0TSmOniRITwyQ7ePM0Ephs2-zoLI&s', 'width': '172', 'height': '293'}]",[{'src': 'https://www.offbeatfrance.com/images/guide-michelin-2023.png'}],,,,"[{'item': 'Home', 'name': 'Home', 'position': '1'}, {'item': 'Destinations', 'name': 'Destinations', 'position': '2'}, {'item': 'Lyon', 'name': 'Lyon', 'position': '3'}, {'name': 'Lyon: Food Capital of the World', 'position': '4'}]",,,
customsearch#result,What to See and Do in The Capital of France,What to See and Do in The <b>Capital of France</b>,https://lovetovisitfrance.substack.com/p/what-to-see-and-do-in-the-capital,lovetovisitfrance.substack.com,"Nov 25, 2024 ... Paris, the capital of France, is renowned for its timeless beauty, rich history, and iconic landmarks. Known as the ""City of Light,"" it has long ...","Nov 25, 2024 <b>...</b> Paris, the <b>capital of France</b>, is renowned for its timeless beauty, rich history, and iconic landmarks. Known as the &quot;City of Light,&quot; it has long&nbsp;...",https://lovetovisitfrance.substack.com/p/what-to-see-and-do-in-the-capital,https://lovetovisit<b>france</b>.substack.com/p/what-to-see-and-do-in-the-<b>capital</b>,"[{'og:image': 'https://substackcdn.com/image/fetch/w_1200,h_600,c_fill,f_jpg,q_auto:good,fl_progressive:steep,g_auto/https%3A%2F%2Fsubstack-post-media.s3.amazonaws.com%2Fpublic%2Fimages%2Fbccc05a6-02aa-4f2d-aaa5-bd1e90704183_1000x750.jpeg', 'og:type': 'article', 'twitter:card': 'summary_large_image', 'twitter:title': 'What to See and Do in The Capital of France', 'viewport': 'width=device-width, initial-scale=1, maximum-scale=1, user-scalable=0, viewport-fit=cover', 'author': 'Globetrottingwithp', 'twitter:description': 'Find the Hidden Gems in the City of Love', 'og:title': 'What to See and Do in The Capital of France', 'norton-safeweb-site-verification': '24usqpep0ejc5w6hod3dulxwciwp0djs6c6ufp96av3t4whuxovj72wfkdjxu82yacb7430qjm8adbd5ezlt4592dq4zrvadcn9j9n-0btgdzpiojfzno16-fnsnu7xd', 'og:url': 'https://lovetovisitfrance.substack.com/p/what-to-see-and-do-in-the-capital', 'og:description': 'Find the Hidden Gems in the City of Love', 'twitter:image': 'https://substackcdn.com/image/fetch/f_auto,q_auto:best,fl_progressive:steep/https%3A%2F%2Flovetovisitfrance.substack.com%2Fapi%2Fv1%2Fpost_preview%2F152094574%2Ftwitter.jpg%3Fversion%3D4'}]","[{'src': 'https://encrypted-tbn0.gstatic.com/images?q=tbn:ANd9GcRCavcnFRPV4rysjKfaOCThC2idhyVFJyuikAAHRspSb0pw6cQo5f_I6BU&s', 'width': '290', 'height': '174'}]","[{'src': 'https://substackcdn.com/image/fetch/w_1200,h_600,c_fill,f_jpg,q_auto:good,fl_progressive:steep,g_auto/https%3A%2F%2Fsubstack-post-media.s3.amazonaws.com%2Fpublic%2Fimages%2Fbccc05a6-02aa-4f2d-aaa5-bd1e90704183_1000x750.jpeg'}]",,,,,,,
customsearch#result,Paris: Capital of the 19th Century,Paris: <b>Capital</b> of the 19th Century,https://library.brown.edu/cds/paris/chronology1.html,library.brown.edu,"Following the aftermaths of the Revolution of 1789 and the abolishment of the monarchy, the First Republic of France is established on September 22 of 1792.","Following the aftermaths of the Revolution of 1789 and the abolishment of the monarchy, the First Republic of <b>France</b> is established on September 22 of 1792.",https://library.brown.edu/cds/paris/chronology1.html,https://library.brown.edu/cds/paris/chronology1.html,[{'version': 'version 3.0'}],"[{'src': 'https://encrypted-tbn0.gstatic.com/images?q=tbn:ANd9GcTtbjj77ZlPpb3TUGsCaf2X5x2ntQTLP9iK1he6R2Cgj34Dz39NAWFSLZ0&s', 'width': '199', 'height': '254'}]",[{'src': 'https://library.brown.edu/cds/paris/img/chronology/chronology1.jpg'}],,,,,,,
customsearch#result,Bayonne: the chocolate capital of France - Multilingual Mum,Bayonne: the chocolate <b>capital of France</b> - Multilingual Mum,https://multilingualmum.com/2017/11/bayonne-the-chocolate-capital-of-france.html,multilingualmum.com,"Nov 21, 2017 ... Bayonne is a charming Basque town, and it was the first home of chocolate makers in France.","Nov 21, 2017 <b>...</b> Bayonne is a charming Basque town, and it was the first home of chocolate makers in <b>France</b>.",https://multilingualmum.com/.../bayonne-the-chocolate-capital-of-france.ht...,https://multilingualmum.com/.../bayonne-the-chocolate-<b>capital-of-france</b>.ht...,"[{'og:image': 'https://multilingualmum.com/wp-content/uploads/2017/11/Bayonne-fortress-and-houses.jpg', 'og:type': 'article', 'article:published_time': '2017-11-21T21:35:34+00:00', 'og:image:width': '1200', 'twitter:card': 'summary_large_image', 'og:site_name': 'Multilingual Mum', 'author': 'Jane Welton', 'og:title': 'Bayonne: the chocolate capital of France - Multilingual Mum', 'og:image:height': '900', 'twitter:label1': 'Written by', 'twitter:label2': 'Estimated reading time', 'og:image:type': 'image/jpeg', 'msapplication-tileimage': 'https://multilingualmum.com/wp-content/uploads/2017/03/cropped-MMlogo512trans-270x270.png', 'og:description': 'Bayonne is a charming Basque town, and it was the first home of chocolate makers in France.', 'twitter:creator': '@jane_welton', 'twitter:data1': 'Jane Welton', 'twitter:data2': '6 minutes', 'twitter:site': '@jane_welton', 'viewport': 'width=device-width, initial-scale=1', 'og:locale': 'en_GB', 'og:url': 'https://multilingualmum.com/2017/11/bayonne-the-chocolate-capital-of-france.html'}]","[{'src': 'https://encrypted-tbn0.gstatic.com/images?q=tbn:ANd9GcTEGkyL2ydltMettErVlE6bf-Wkx65X9VxdkGQhIrDMsIr2Tuug_6GEKmqX&s', 'width': '259', 'height': '194'}]",[{'src': 'https://multilingualmum.com/wp-content/uploads/2017/11/Bayonne-fortress-and-houses.jpg'}],,,,,,,
customsearch#result,Christmas in Strasbourg - Christmas in Alsace,Christmas in Strasbourg - Christmas in Alsace,https://www.christmas.alsace/strasbourg-christmas-market/,www.christmas.alsace,"Strasbourg, Capital of Christmas · Essential things to do · At the heart of France's oldest Christmas market · A fairytale ambience under the Christmas lights.","Strasbourg, <b>Capital</b> of Christmas &middot; Essential things to do &middot; At the heart of <b>France&#39;s</b> oldest Christmas market &middot; A fairytale ambience under the Christmas lights.",https://www.christmas.alsace/strasbourg-christmas-market/,https://www.christmas.alsace/strasbourg-christmas-market/,"[{'theme-color': '#72174d', 'og:type': 'activity', 'twitter:card': 'summary', 'twitter:title': 'Christmas in Strasbourg - Christmas in Alsace', 'og:site_name': 'Christmas in Alsace -', 'og:title': 'Christmas in Strasbourg - Christmas in Alsace', 'msapplication-navbutton-color': '#72174d', 'og:description': 'From around the magnificent Cathedral to the city’s most beautiful squares, Strasbourg, Capital of Christmas, invites you to share in the most marvellous of all the holidays.', 'apple-mobile-web-app-status-bar-style': '#72174d', 'viewport': 'width=device-width,initial-scale=1,maximum-scale=1, user-scalable=no', 'apple-mobile-web-app-capable': 'yes', 'twitter:description': 'From around the magnificent Cathedral to the city’s most beautiful squares, Strasbourg, Capital of Christmas, invites you to share in the most marvellous of all the holidays.', 'mobile-web-app-capable': 'yes', 'og:locale': 'en_GB', 'position': '1', 'og:url': 'https://www.christmas.alsace/strasbourg-christmas-market/'}]",,,,,,,[{}],,
customsearch#result,What Makes Lyon The Gastronomical Capital Of France?,What Makes Lyon The Gastronomical <b>Capital Of France</b>?,https://www.thetravel.com/what-makes-lyon-the-gastronomical-capital-of-france/,www.thetravel.com,"Jul 8, 2022 ... Lyon is the silk capital of Europe, but often overlooked by visitors and revered by experts as a culinary destination, is France's best-kept ...","Jul 8, 2022 <b>...</b> Lyon is the silk <b>capital</b> of Europe, but often overlooked by visitors and revered by experts as a culinary destination, is <b>France&#39;s</b> best-kept&nbsp;...",https://www.thetravel.com/what-makes-lyon-the-gastronomical-capital-of-fr...,https://www.thetravel.com/what-makes-lyon-the-gastronomical-<b>capital-of-fr</b>...,"[{'og:image': 'https://static1.thetravelimages.com/wordpress/wp-content/uploads/2023/04/tv.png', 'og:type': 'article', 'og:image:width': '1140', 'article:published_time': '2022-07-08T15:30:13Z', 'article:section': 'Travel', 'twitter:card': 'summary_large_image', 'twitter:title': 'What Makes Lyon The Gastronomical Capital Of France?', 'og:site_name': 'TheTravel', 'og:title': 'What Makes Lyon The Gastronomical Capital Of France?', 'og:image:height': '640', 'og:description': ""Lyon is the culinary gem of French cuisine, even though many people are unaware of it. Let's explore the reasons for it."", 'article:author': 'Aunindita Bhatia', 'article:publisher': 'https://www.facebook.com/GlobeTrotterTravelsNow/', 'twitter:image': 'https://static1.thetravelimages.com/wordpress/wp-content/uploads/2023/04/tv.png?q=70&fit=contain&w=1200&h=628&dpr=1', 'fb:app_id': '1731767910204070', 'twitter:site': '@TheTravel_com_', 'article:modified_time': '2022-07-08T15:30:13Z', 'viewport': 'width=device-width, initial-scale=1', 'twitter:description': ""Lyon is the culinary gem of French cuisine, even though many people are unaware of it. Let's explore the reasons for it."", 'og:locale': 'en_US', 'og:url': 'https://www.thetravel.com/what-makes-lyon-the-gastronomical-capital-of-france/'}]","[{'src': 'https://encrypted-tbn0.gstatic.com/images?q=tbn:ANd9GcS93X7QZOHF6Fi_ri-9R3yHtjNuNT9d2j1SidxVPy2ayCCYXx-i5z_Ptaw&s', 'width': '300', 'height': '168'}]",[{'src': 'https://static1.thetravelimages.com/wordpress/wp-content/uploads/2023/04/tv.png'}],,,,,,"[{'name': 'Travel News', 'url': 'Travel News'}]",
customsearch#result,"Bordeaux, wine capital of France","Bordeaux, wine <b>capital of France</b>",https://www.thegr8experience.com/experiences/bordeaux-wine-capital-of-france,www.thegr8experience.com,"Bordeaux, wine capital of France · Access to the world's best wineries to discover the secrets behind their success (Chateau Mouton Rothschild, Chateau Phelan ...","Bordeaux, wine <b>capital of France</b> &middot; Access to the world&#39;s best wineries to discover the secrets behind their success (Chateau Mouton Rothschild, Chateau Phelan&nbsp;...",https://www.thegr8experience.com/.../bordeaux-wine-capital-of-france,https://www.thegr8experience.com/.../bordeaux-wine-<b>capital-of-france</b>,"[{'og:image': 'https://cdn.prod.website-files.com/6358ff4aa0f8c06c5421ca1a/63877c669799b55d52929dd2_0_.jpg', 'twitter:title': 'Bordeaux, wine capital of France', 'og:type': 'website', 'twitter:card': 'summary_large_image', 'viewport': 'width=device-width, initial-scale=1', 'twitter:description': 'Enjoy the finest wines of the prestigious Bordeaux region while savoring traditional French gastronomy at some of the country’s top Michelin starred establishments. Discover the subterranean cellars and the wine making secrets of the historical chateaux of the region and marvel at the expansive sprawls of historic vineyards. Meet with the distinguished wine producers and learn the art of creating your very own “Bordeaux style blend”. To enhance the experience, immerse yourself in a cooking class experience held in a beautiful castle incorporating the noblest regional products such as foie gras, truffles, and duck. In the evenings, relax in the luxury surroundings of your 5-star hotel or discover the benefits of vinotherapy at Sources de Caudalie luxury spa.', 'og:title': 'Bordeaux, wine capital of France', 'og:description': 'Enjoy the finest wines of the prestigious Bordeaux region while savoring traditional French gastronomy at some of the country’s top Michelin starred establishments. Discover the subterranean cellars and the wine making secrets of the historical chateaux of the region and marvel at the expansive sprawls of historic vineyards. Meet with the distinguished wine producers and learn the art of creating your very own “Bordeaux style blend”. To enhance the experience, immerse yourself in a cooking class experience held in a beautiful castle incorporating the noblest regional products such as foie gras, truffles, and duck. In the evenings, relax in the luxury surroundings of your 5-star hotel or discover the benefits of vinotherapy at Sources de Caudalie luxury spa.', 'twitter:image': 'https://cdn.prod.website-files.com/6358ff4aa0f8c06c5421ca1a/63877c669799b55d52929dd2_0_.jpg'}]","[{'src': 'https://encrypted-tbn0.gstatic.com/images?q=tbn:ANd9GcQ8QG5efMh06d3lLxR1VP_6pYEhtsL-sEqCildNmGCg2pCB2KOsYDY9WR4g&s', 'width': '318', 'height': '159'}]",[{'src': 'https://cdn.prod.website-files.com/6358ff4aa0f8c06c5421ca1a/63877c669799b55d52929dd2_0_.jpg'}],,,,,,,
customsearch#result,"Strasbourg, capital of Christmas - Eurometropolitan Office of Tourism ...","Strasbourg, <b>capital</b> of Christmas - Eurometropolitan Office of Tourism ...",https://www.visitstrasbourg.fr/en/discover/the-capital-of-christmas/,www.visitstrasbourg.fr,"With its four centuries of tradition, it's the oldest Christmas market in France, and one of the oldest in Europe! A city alive with twinkling lights. For ...","With its four centuries of tradition, it&#39;s the oldest Christmas market in <b>France</b>, and one of the oldest in Europe! A city alive with twinkling lights. For&nbsp;...",https://www.visitstrasbourg.fr/en/discover/the-capital-of-christmas/,https://www.visitstrasbourg.fr/en/discover/the-<b>capital</b>-of-christmas/,"[{'og:image': 'https://www.visitstrasbourg.fr/wp-content/uploads/2021/10/DSC06405-Edit.jpg', 'og:image:width': '1499', 'article:published_time': '2019-11-02T16:39:46+01:00', 'twitter:card': 'summary_large_image', 'og:site_name': 'Eurometropolitan Office of Tourism, Leisure and Congress of Strasbourg', 'video:duration': '18', 'twitter:label1': 'Time to read', 'og:image:type': 'image/jpeg', 'msapplication-tileimage': 'https://www.visitstrasbourg.fr/wp-content/uploads/2025/02/Office-eurometropolitain-de-tourisme-des-loisirs-et-des-congres-de-Strasbourg-e1740735055251-300x300.png', 'og:description': 'This year, the magic of the Christmas market will take over Strasbourg from November, 27th. https://youtu.be/6Wl_t04Q8k4 Christmas, like nowhere else ""Strasbourg, capital of Christmas"" is exceptionally renowned. Every year, close to two million visitors flock to the Alsatian capital to experience its enchanting market. For over a month, Strasbourg is imbued with a festive, spiritual […]', 'og:image:secure_url': 'https://www.visitstrasbourg.fr/wp-content/uploads/2021/10/DSC06405-Edit.jpg', 'twitter:image': 'https://www.visitstrasbourg.fr/wp-content/uploads/2021/10/DSC06405-Edit.jpg', 'twitter:data1': '5 minutes', 'article:modified_time': '2024-12-10T10:51:49+01:00', 'og:type': 'article', 'og:image:alt': 'Strasbourg, capital of Christmas', 'twitter:title': 'Strasbourg, capital of Christmas - Eurometropolitan Office of Tourism, Leisure and Congress of Strasbourg', 'ya:ovs:upload_date': '2022-09-27T05:20:41-07:00', 'og:title': 'Strasbourg, capital of Christmas - Eurometropolitan Office of Tourism, Leisure and Congress of Strasbourg', 'og:image:height': '1000', 'og:updated_time': '2024-12-10T10:51:49+01:00', 'og:video': 'https://www.youtube.com/embed/6Wl_t04Q8k4', 'viewport': 'width=device-width, initial-scale=1', 'twitter:description': 'This year, the magic of the Christmas market will take over Strasbourg from November, 27th. https://youtu.be/6Wl_t04Q8k4 Christmas, like nowhere else ""Strasbourg, capital of Christmas"" is exceptionally renowned. Every year, close to two million visitors flock to the Alsatian capital to experience its enchanting market. For over a month, Strasbourg is imbued with a festive, spiritual […]', 'og:locale': 'en_GB', 'og:url': 'https://www.visitstrasbourg.fr/en/discover/the-capital-of-christmas/', 'ya:ovs:allow_embed': 'true'}]","[{'src': 'https://encrypted-tbn0.gstatic.com/images?q=tbn:ANd9GcQr2RB_BMMLiHKA1RlE6jEmHPhBpcNCvAKKITwI9xmOzc97F0_GuvUP5owL&s', 'width': '275', 'height': '183'}]",[{'src': 'https://www.visitstrasbourg.fr/wp-content/uploads/2021/10/DSC06405-Edit.jpg'}],,,,"[{'item': 'https://www.visitstrasbourg.fr/', 'position': '0'}, {'item': 'Discovering Strasbourg', 'name': 'Discovering Strasbourg', 'position': '1'}]",,,
customsearch#result,24 Hours in Reims: The Unofficial Capital of Champagne : European ...,24 Hours in Reims: The Unofficial <b>Capital</b> of Champagne : European ...,https://www.europeanwaterways.com/blog/all-about-reims-france/,www.europeanwaterways.com,"The city of Reims is known for being the former capital city of France. Its impressive gothic cathedral was once the location used to crown French monarchs, and ...","The city of Reims is known for being the former <b>capital</b> city of <b>France</b>. Its impressive gothic cathedral was once the location used to crown French monarchs, and&nbsp;...",https://www.europeanwaterways.com/blog/all-about-reims-france/,https://www.europeanwaterways.com/blog/all-about-reims-<b>france</b>/,"[{'p:domain_verify': 'c5165eb7e8b44786935b55d4ef3c798d', 'og:image': 'https://gobargingwp-s3.s3.eu-west-1.amazonaws.com/wp-content/uploads/2017/03/Cath%C3%A9drale-Notre-Dame-de-Reims.jpg', 'og:type': 'article', 'article:published_time': '2023-09-14T14:03:22+00:00', 'og:image:width': '800', 'twitter:card': 'summary_large_image', 'og:site_name': 'European Waterways', 'author': 'Paul Newman', 'og:title': '24 Hours in Reims: The Unofficial Capital of the Champagne Region', 'og:image:height': '533', 'twitter:label1': 'Written by', 'twitter:label2': 'Estimated reading time', 'og:image:type': 'image/jpeg', 'msapplication-tileimage': 'https://gobargingwp-s3.s3.eu-west-1.amazonaws.com/wp-content/uploads/2022/08/cropped-EW-Logo-512-270x270.jpg', 'og:description': 'Reims is famed for its cathedral, champagne, and stunning architecture – here’s the lowdown of what to see and do so you don’t miss out.', 'twitter:creator': '@europewaterways', 'article:publisher': 'https://www.facebook.com/european.waterways/', 'twitter:data1': 'Paul Newman', 'twitter:data2': '7 minutes', 'twitter:site': '@europewaterways', 'article:modified_time': '2025-01-22T10:41:52+00:00', 'viewport': 'width=device-width, initial-scale=1.0', 'og:locale': 'en_GB', 'og:url': 'https://www.europeanwaterways.com/blog/all-about-reims-france/'}]","[{'src': 'https://encrypted-tbn0.gstatic.com/images?q=tbn:ANd9GcT_FeeO_g6TIybBol4IJbba_mKBT8nwqZorH2appg0e9ehY57tLSe7HemIC&s', 'width': '275', 'height': '183'}]",[{'src': 'https://gobargingwp-s3.s3.eu-west-1.amazonaws.com/wp-content/uploads/2017/03/Cath%C3%A9drale-Notre-Dame-de-Reims.jpg'}],,,,,,,
customsearch#result,Paris. Walking around in the Capital of France | by Christian Kramp ...,Paris. Walking around in the <b>Capital of France</b> | by Christian Kramp ...,https://ckramp.medium.com/paris-d4c4b67cf246,ckramp.medium.com,"Oct 17, 2023 ... I decided to walk around and saw more of the beauty of Paris, but also its shadowy sites: Notre Dame and old, beautiful buildings, but also homeless people.","Oct 17, 2023 <b>...</b> I decided to walk around and saw more of the beauty of Paris, but also its shadowy sites: Notre Dame and old, beautiful buildings, but also homeless people.",https://ckramp.medium.com/paris-d4c4b67cf246,https://ckramp.medium.com/paris-d4c4b67cf246,"[{'apple-itunes-app': 'app-id=828256236, app-argument=/paris-d4c4b67cf246, affiliate-data=pt=698524&ct=smart_app_banner&mt=8', 'og:image': 'https://miro.medium.com/v2/resize:fit:1200/1*Kn1S4ljwYPxsoBEEjZkR0Q.jpeg', 'twitter:app:url:iphone': 'medium://p/d4c4b67cf246', 'theme-color': '#000000', 'article:published_time': '2023-10-19T13:38:01.913Z', 'twitter:card': 'summary_large_image', 'og:site_name': 'Medium', 'al:android:package': 'com.medium.reader', 'twitter:label1': 'Reading time', 'twitter:app:id:iphone': '828256236', 'title': 'Paris. Walking around in the Capital of France | by Christian Kramp | Medium', 'al:ios:url': 'medium://p/d4c4b67cf246', 'og:description': 'Walking around in the Capital of France', 'twitter:creator': '@c_kramp', 'al:ios:app_store_id': '828256236', 'twitter:data1': '22 min read', 'twitter:site': '@Medium', 'og:type': 'article', 'twitter:title': 'Paris', 'al:ios:app_name': 'Medium', 'author': 'Christian Kramp', 'og:title': 'Paris', 'al:web:url': 'https://ckramp.medium.com/paris-d4c4b67cf246', 'article:author': 'https://ckramp.medium.com', 'twitter:image:src': 'https://miro.medium.com/v2/resize:fit:1200/1*Kn1S4ljwYPxsoBEEjZkR0Q.jpeg', 'al:android:url': 'medium://p/d4c4b67cf246', 'referrer': 'unsafe-url', 'fb:app_id': '542599432471018', 'viewport': 'width=device-width,minimum-scale=1,initial-scale=1,maximum-scale=1', 'twitter:description': 'Walking around in the Capital of France', 'og:url': 'https://ckramp.medium.com/paris-d4c4b67cf246', 'twitter:app:name:iphone': 'Medium', 'al:android:app_name': 'Medium'}]","[{'src': 'https://encrypted-tbn0.gstatic.com/images?q=tbn:ANd9GcR7oEaxvHOJV_EKDaZrZCA4qBvF7IZIOJNe8lAmePU8RyOnxIILiMxZ3Kr7&s', 'width': '259', 'height': '194'}]",[{'src': 'https://miro.medium.com/v2/resize:fit:1200/1*Kn1S4ljwYPxsoBEEjZkR0Q.jpeg'}],,,,,,,
customsearch#result,"Besides Paris, what is the capital of France? - Riddle & Answer ...","Besides Paris, <b>what is the capital of France</b>? - Riddle &amp; Answer ...",https://www.ahapuzzles.com/brain-teasers/riddles/9zRBYzgO/besides-paris-what-is-the-capital-of-france/,www.ahapuzzles.com,"This site is famous for stimulating cognitive explosions. We advise you to buckle up mentally, and preferably, find a comfortable seat.","This site is famous for stimulating cognitive explosions. We advise you to buckle up mentally, and preferably, find a comfortable seat.",https://www.ahapuzzles.com/.../besides-paris-what-is-the-capital-of-france/,https://www.ahapuzzles.com/.../besides-paris-<b>what-is-the-capital-of-france</b>/,"[{'og:image': 'https://www.ahapuzzles.com/media/riddles/riddles/auto/1720-besides-paris-what-is-the-capital-of-france-square.png', 'viewport': 'width=device-width, initial-scale=1, maximum-scale=1'}]","[{'src': 'https://encrypted-tbn0.gstatic.com/images?q=tbn:ANd9GcQ2H1dGK9N2lypc1YzWco5caGHNzVmhyGoHTcIYnYkbnk7k8AvI9UFLN_s&s', 'width': '225', 'height': '225'}]",[{'src': 'https://www.ahapuzzles.com/media/riddles/riddles/auto/1720-besides-paris-what-is-the-capital-of-france-square.png'}],,,,,,,
customsearch#result,"Versailles, “capital” of the kingdom, 1682 | Palace of Versailles","Versailles, “<b>capital</b>” of the kingdom, 1682 | Palace of Versailles",https://en.chateauversailles.fr/discover/history/key-dates/versailles-capital-kingdom-1682,en.chateauversailles.fr,"Athough Paris never ceased to be the official capital, the decision made Versailles the de facto centre of the kingdom until 1789. Above all, and to the great ...","Athough Paris never ceased to be the official <b>capital</b>, the decision made Versailles the de facto centre of the kingdom until 1789. Above all, and to the great&nbsp;...",https://en.chateauversailles.fr/discover/.../versailles-capital-kingdom-1682,https://en.chateauversailles.fr/discover/.../versailles-<b>capital</b>-kingdom-1682,"[{'smartbanner:button-url-apple': 'http://onelink.to/chateau', 'og:image': 'https://en.chateauversailles.fr/sites/default/files/styles/reseaux_sociaux/public/visuels_principaux/epoques/inv.grav_6592_001.jpg?itok=CHOjayJM', 'twitter:card': 'summary_large_image', 'article:published_time': '2019-08-14T14:39:41+02:00', 'theme-color': '#ffffff', 'og:site_name': 'Palace of Versailles', 'twitter:url': 'https://en.chateauversailles.fr/discover/history/key-dates/versailles-capital-kingdom-1682', 'apple-mobile-web-app-title': 'Versailles', 'smartbanner:hide-ttl': '86400000', 'msapplication-tileimage': '/sites/all/themes/versailles/favicons/mstile-144x144.png', 'og:description': 'The establishment of the Court and the seat of power in Versailles had been underway\xa0since 1677, when the works on the site were sped up and the king doubled up state services between Paris and Versailles. On 6 May 1682, Versailles became the headquarters of the government. Athough Paris never ceased to be the official capital, the decision made Versailles the de facto centre of the kingdom until 1789. Above all, and to the great dismay of Colbert, who wanted the king and his court to stay\xa0in Paris, the\xa0move confirmed to the king just how much he liked\xa0Versailles. The works on Versailles were only just beginning.', 'twitter:creator': '@CVersailles', 'smartbanner:author': 'Download the free app: audio tours and interactive map', 'twitter:image': 'https://en.chateauversailles.fr/sites/default/files/styles/reseaux_sociaux/public/visuels_principaux/epoques/inv.grav_6592_001.jpg?itok=CHOjayJM', 'smartbanner:icon-apple': '/sites/all/themes/versailles/images/icon_app-chateau_2017_ios.png', 'twitter:site': '@CVersailles', 'article:modified_time': '2019-08-14T14:39:41+02:00', 'application-name': 'Versailles', 'msapplication-tilecolor': '#da532c', 'og:type': 'article', 'twitter:title': 'Versailles, “capital” of the kingdom, 1682', 'smartbanner:button': 'View', 'smartbanner:button-url-google': 'http://onelink.to/chateau', 'og:title': 'Versailles, “capital” of the kingdom, 1682', 'smartbanner:enabled-platforms': 'android,ios', 'smartbanner:icon-google': '/sites/all/themes/versailles/images/icon_app-chateau_2017_android-min.png', 'og:updated_time': '2019-08-14T14:39:41+02:00', 'viewport': 'width=device-width, initial-scale=1.0, maximum-scale=1.0, user-scalable=0', 'twitter:description': 'The establishment of the Court and the seat of power in Versailles had been underway\xa0since 1677, when the works on the site were sped up and the king doubled up state services between Paris and', 'og:url': 'https://en.chateauversailles.fr/discover/history/key-dates/versailles-capital-kingdom-1682'}]","[{'src': 'https://encrypted-tbn0.gstatic.com/images?q=tbn:ANd9GcQW4X_ugk21mqPEteR5qz011OKRz4sQnSITiDFrmGeAWd6D39AP3SIjuU_7&s', 'width': '310', 'height': '163'}]",[{'src': 'https://en.chateauversailles.fr/sites/default/files/styles/reseaux_sociaux/public/visuels_principaux/epoques/inv.grav_6592_001.jpg?itok=CHOjayJM'}],,,,,,,[{}]
customsearch#result,"France, The Pastry Capital - Blog Post","<b>France</b>, The Pastry <b>Capital</b> - Blog Post",https://europastry.com/us/en/europastry-france-pastry-capital-blog/,europastry.com,"Jul 28, 2023 ... Come along and find out why France has earned their crown as a leader in culinary and baking arts.","Jul 28, 2023 <b>...</b> Come along and find out why <b>France</b> has earned their crown as a leader in culinary and baking arts.",https://europastry.com/us/en/europastry-france-pastry-capital-blog/,https://europastry.com/us/en/europastry-<b>france</b>-pastry-<b>capital</b>-blog/,"[{'og:image': 'https://europastry.com/us/wp-content/uploads/sites/15/2023/07/paris.jpg', 'og:type': 'article', 'article:published_time': '2023-07-28T03:00:41+00:00', 'og:image:width': '1000', 'twitter:card': 'summary_large_image', 'og:site_name': 'USA', 'og:title': 'France, The Pastry Capital 🇫🇷 - Blog Post', 'og:image:height': '625', 'og:image:type': 'image/jpeg', 'msapplication-tileimage': 'https://europastry.com/us/wp-content/uploads/sites/15/2021/06/cropped-favicon-web-270x270.png', 'og:description': 'France is the baking capital of the world, and its rich history has led to its cultural significance. Come learn why France wears the patisserie crown.', 'article:modified_time': '2023-08-08T14:23:36+00:00', 'viewport': 'width=device-width,height=device-height,initial-scale=1.0,maximum-scale=1.0,minimum-scale=1.0,user-scalable=no', 'og:locale': 'en_US', 'og:url': 'https://europastry.com/us/en/europastry-france-pastry-capital-blog/'}]","[{'src': 'https://encrypted-tbn0.gstatic.com/images?q=tbn:ANd9GcQCT3skjbtI7lqxcm7PnOSid9dK8xUcqdinATsyPrmsLhssq5UJSyHek7UP&s', 'width': '284', 'height': '177'}]",[{'src': 'https://europastry.com/us/wp-content/uploads/sites/15/2023/07/paris.jpg'}],,,,,,,
customsearch#result,What is the capital of France?,<b>What is the capital of France</b>?,https://www.tn-physio.at/faq/what-is-the-capital-of-france%3F,www.tn-physio.at,top of page. What is the capital of France? Paris. Next Item. Previous Item. Home · Impressum · FAQ. bottom of page.,top of page. <b>What is the capital of France</b>? Paris. Next Item. Previous Item. Home &middot; Impressum &middot; FAQ. bottom of page.,https://www.tn-physio.at/faq/what-is-the-capital-of-france%3F,https://www.tn-physio.at/faq/<b>what-is-the-capital-of-france</b>%3F,"[{'og:image': 'https://static.wixstatic.com/media/data:image/png;base64,iVBORw0KGgoAAAANSUhEUgAAAoAAAAHgCAYAAAA10dzkAAAAAXNSR0IArs4c6QAAGKFJREFUeF7t1kENACAQA0HwQPAvDxeQYGPnHHR6j86z9h2OAAECBAgQIEAgIzANwEzXghIgQIAAAQIEvoAB6BEIECBAgAABAjEBAzBWuLgECBAgQIAAAQPQDxAgQIAAAQIEYgIGYKxwcQkQIECAAAECBqAfIECAAAECBAjEBAzAWOHiEiBAgAABAgQMQD9AgAABAgQIEIgJGICxwsUlQIAAAQIECBiAfoAAAQIECBAgEBMwAGOFi0uAAAECBAgQMAD9AAECBAgQIEAgJmAAxgoXlwABAgQIECBgAPoBAgQIECBAgEBMwACMFS4uAQIECBAgQMAA9AMECBAgQIAAgZiAARgrXFwCBAgQIECAgAHoBwgQIECAAAECMQEDMFa4uAQIECBAgAABA9APECBAgAABAgRiAgZgrHBxCRAgQIAAAQIGoB8gQIAAAQIECMQEDMBY4eISIECAAAECBAxAP0CAAAECBAgQiAkYgLHCxSVAgAABAgQIGIB+gAABAgQIECAQEzAAY4WLS4AAAQIECBAwAP0AAQIECBAgQCAmYADGCheXAAECBAgQIGAA+gECBAgQIECAQEzAAIwVLi4BAgQIECBAwAD0AwQIECBAgACBmIABGCtcXAIECBAgQICAAegHCBAgQIAAAQIxAQMwVri4BAgQIECAAAED0A8QIECAAAECBGICBmCscHEJECBAgAABAgagHyBAgAABAgQIxAQMwFjh4hIgQIAAAQIEDEA/QIAAAQIECBCICRiAscLFJUCAAAECBAgYgH6AAAECBAgQIBATMABjhYtLgAABAgQIEDAA/QABAgQIECBAICZgAMYKF5cAAQIECBAgYAD6AQIECBAgQIBATMAAjBUuLgECBAgQIEDAAPQDBAgQIECAAIGYgAE', 'og:image:width': '2500', 'og:type': 'website', 'twitter:card': 'summary_large_image', 'twitter:title': 'What is the capital of France?', 'og:site_name': 'Thomas Nachbargauer', 'skype_toolbar': 'skype_toolbar_parser_compatible', 'og:title': 'What is the capital of France?', 'og:image:height': '1330', 'og:description': 'Paris', 'twitter:image': 'https://static.wixstatic.com/media/data:image/png;base64,iVBORw0KGgoAAAANSUhEUgAAAoAAAAHgCAYAAAA10dzkAAAAAXNSR0IArs4c6QAAGKFJREFUeF7t1kENACAQA0HwQPAvDxeQYGPnHHR6j86z9h2OAAECBAgQIEAgIzANwEzXghIgQIAAAQIEvoAB6BEIECBAgAABAjEBAzBWuLgECBAgQIAAAQPQDxAgQIAAAQIEYgIGYKxwcQkQIECAAAECBqAfIECAAAECBAjEBAzAWOHiEiBAgAABAgQMQD9AgAABAgQIEIgJGICxwsUlQIAAAQIECBiAfoAAAQIECBAgEBMwAGOFi0uAAAECBAgQMAD9AAECBAgQIEAgJmAAxgoXlwABAgQIECBgAPoBAgQIECBAgEBMwACMFS4uAQIECBAgQMAA9AMECBAgQIAAgZiAARgrXFwCBAgQIECAgAHoBwgQIECAAAECMQEDMFa4uAQIECBAgAABA9APECBAgAABAgRiAgZgrHBxCRAgQIAAAQIGoB8gQIAAAQIECMQEDMBY4eISIECAAAECBAxAP0CAAAECBAgQiAkYgLHCxSVAgAABAgQIGIB+gAABAgQIECAQEzAAY4WLS4AAAQIECBAwAP0AAQIECBAgQCAmYADGCheXAAECBAgQIGAA+gECBAgQIECAQEzAAIwVLi4BAgQIECBAwAD0AwQIECBAgACBmIABGCtcXAIECBAgQICAAegHCBAgQIAAAQIxAQMwVri4BAgQIECAAAED0A8QIECAAAECBGICBmCscHEJECBAgAABAgagHyBAgAABAgQIxAQMwFjh4hIgQIAAAQIEDEA/QIAAAQIECBCICRiAscLFJUCAAAECBAgYgH6AAAECBAgQIBATMABjhYtLgAABAgQIEDAA/QABAgQIECBAICZgAMYKF5cAAQIECBAgYAD6AQIECBAgQIBATMAAjBUuLgECBAgQIEDAAPQDBAgQIECAAIGYgAE', 'viewport': 'width=device-width, initial-scale=1', 'twitter:description': 'Paris', 'og:url': 'https://www.tn-physio.at/faq/what-is-the-capital-of-france%3F', 'format-detection': 'telephone=no'}]","[{'src': 'https://encrypted-tbn0.gstatic.com/images?q=tbn:ANd9GcQEwGY9PMUb0gyGn85MuLlq7CoxKC6CdSBcEMpnjt-PQ9x7Ch0a45U0dms&s', 'width': '259', 'height': '194'}]",[{'src': 'x-raw-image:///00e5194d2ed2c3e254b3e9a991997583dcb716e81134781d22d6cdb8af538adc'}],,,,,,,
customsearch#result,Lyon Gastronomy Guide: Unveiling World's Culinary Capital | Cellar ...,Lyon Gastronomy Guide: Unveiling World&#39;s Culinary <b>Capital</b> | Cellar ...,https://www.cellartours.com/blog/france/lyonnaise-cuisine,www.cellartours.com,"Mar 27, 2024 ... Savor France's finest cuisine! Explore top restaurants & local flavors. Unearth the city's culinary gems. Plan your gastro adventure now!""","Mar 27, 2024 <b>...</b> Savor <b>France&#39;s</b> finest cuisine! Explore top restaurants &amp; local flavors. Unearth the city&#39;s culinary gems. Plan your gastro adventure now!&quot;",https://www.cellartours.com/blog/france/lyonnaise-cuisine,https://www.cellartours.com/blog/<b>france</b>/lyonnaise-cuisine,"[{'og:image': 'https://www.cellartours.com/wp-content/uploads/2021/12/lyonnaise-cuisine.jpg', 'og:type': 'article', 'article:published_time': '2021-12-14T17:36:09+00:00', 'og:image:width': '1000', 'twitter:card': 'summary_large_image', 'og:site_name': 'Cellar Tours', 'author': 'Nicole Dickerson', 'og:title': 'Lyonnaise Cuisine: What to Eat in the Gastronomic Capital of the World', 'og:image:height': '650', 'twitter:label1': 'Written by', 'twitter:label2': 'Est. reading time', 'og:image:type': 'image/jpeg', 'msapplication-tileimage': 'https://www.cellartours.com/wp-content/uploads/2025/06/cropped-cellartours-logo-wax-seal-270x270.png', 'og:description': 'Savor France\'s finest cuisine! Explore top restaurants & local flavors. Unearth the city\'s culinary gems. Plan your gastro adventure now!""', 'twitter:creator': '@cellartours', 'article:publisher': 'https://www.facebook.com/CellarTours/', 'article:author': 'https://www.facebook.com/palmandvine', 'twitter:data1': 'Nicole Dickerson', 'twitter:data2': '10 minutes', 'twitter:site': '@cellartours', 'article:modified_time': '2024-03-27T17:56:15+00:00', 'viewport': 'width=device-width, initial-scale=1', 'og:locale': 'en_US', 'og:url': 'https://www.cellartours.com/blog/france/lyonnaise-cuisine'}]","[{'src': 'https://encrypted-tbn0.gstatic.com/images?q=tbn:ANd9GcQOUrFibTs-4R4IFhahhmabxPP23YocqhBdpLxART9RJON9UwMAKzY-n0NN&s', 'width': '279', 'height': '181'}]",[{'src': 'https://www.cellartours.com/wp-content/uploads/2021/12/lyonnaise-cuisine.jpg'}],,,,,,,
customsearch#result,An Epicurean Journey through France | Abercrombie & Kent,An Epicurean Journey through <b>France</b> | Abercrombie &amp; Kent,https://www.abercrombiekent.com/tailormade/an-epicurean-journey-through-france?infinity=ict2~net~gaw~cmp~22047435316~ag~175990684041~ar~726020686288~kw~~mt~b~acr~4375963541,www.abercrombiekent.com,"Travelling by high-speed TGV train, you will be whisked from the lights of the capital through the romantic French countryside, via opulent castles ...","Travelling by high-speed TGV train, you will be whisked from the lights of the <b>capital</b> through the romantic French countryside, via opulent castles&nbsp;...",https://www.abercrombiekent.com/.../an-epicurean-journey-through-france...,https://www.abercrombiekent.com/.../an-epicurean-journey-through-<b>france</b>...,"[{'next-head-count': '18', 'og:type': 'website', 'og:site_name': 'Abercrombie & Kent', 'viewport': 'width=device-width, initial-scale=1, maximum-scale=1, shrink-to-fit=no', 'og:title': 'An Epicurean Journey through France | Abercrombie & Kent', 'og:description': 'Escape on an epic gourmet adventure through France, from the restaurants of Paris and the chateaux of the Loire Valley to the rolling vineyards of Bordeaux, the claret-red heart of France’s winemaking heritage.\xa0'}]",,,,,,,,,
